{
    "version": "5.2.0.v202311301336",
    "created": "2023-12-23 03:25",
    "nodestats": {
        "nodes": [
            {
                "id": "org.knime.ext.poi3.node.io.filehandling.excel.reader.ExcelTableReaderNodeFactory",
                "nodename": "Excel Reader",
                "nrexecs": 7,
                "nrfails": 0,
                "exectime": 522,
                "nrcreated": 3,
                "successor": "org.knime.base.views.node.histogram.HistogramNodeFactory",
                "successornodename": "Histogram"
            },
            {
                "id": "org.knime.ext.poi3.node.io.filehandling.excel.writer.ExcelTableWriterNodeFactory",
                "nodename": "Excel Writer",
                "nrexecs": 0,
                "nrfails": 0,
                "exectime": 0,
                "nrcreated": 1,
                "successor": "n/a",
                "successornodename": "n/a"
            },
            {
                "id": "org.knime.base.views.node.barchart.BarChartNodeFactory",
                "nodename": "Bar Chart",
                "nrexecs": 6,
                "nrfails": 0,
                "exectime": 93,
                "nrcreated": 2,
                "successor": "n/a",
                "successornodename": "n/a"
            },
            {
                "id": "org.knime.base.views.node.histogram.HistogramNodeFactory",
                "nodename": "Histogram",
                "nrexecs": 9,
                "nrfails": 0,
                "exectime": 432,
                "nrcreated": 3,
                "successor": "n/a",
                "successornodename": "n/a"
            }
        ],
        "metaNodes": {
        },
        "wrappedNodes": {
        },
        "createdVia": {
            "WEB_UI": 9
        }
    },
    "uptime": 311033,
    "workflowsOpened": 5,
    "remoteWorkflowsOpened": 0,
    "columnarStorageWorkflowsOpened": 0,
    "workflowsImported": 0,
    "workflowsExported": 0,
    "webUIPerspectiveSwitches": 0,
    "javaUIPerspectiveSwitches": 0,
    "lastUsedPerspective": "starter",
    "launches": 4,
    "lastApplicationID": "org.knime.product.KNIME_APPLICATION",
    "timeSinceLastStart": 9650,
    "crashes": 0,
    "properlyShutDown": true
}